{
  "Products" : {
    "transaction" : "Products",
    "sampleCount" : 2000,
    "errorCount" : 0,
    "errorPct" : 0.0,
    "meanResTime" : 6.63950000000001,
    "medianResTime" : 2.0,
    "minResTime" : 1.0,
    "maxResTime" : 181.0,
    "pct1ResTime" : 3.0,
    "pct2ResTime" : 22.0,
    "pct3ResTime" : 161.99,
    "throughput" : 207.14655618850335,
    "receivedKBytesPerSec" : 118.08425848006215,
    "sentKBytesPerSec" : 37.019355256343864
  },
  "Total" : {
    "transaction" : "Total",
    "sampleCount" : 2000,
    "errorCount" : 0,
    "errorPct" : 0.0,
    "meanResTime" : 6.63950000000001,
    "medianResTime" : 2.0,
    "minResTime" : 1.0,
    "maxResTime" : 181.0,
    "pct1ResTime" : 3.0,
    "pct2ResTime" : 22.0,
    "pct3ResTime" : 161.99,
    "throughput" : 207.14655618850335,
    "receivedKBytesPerSec" : 118.08425848006215,
    "sentKBytesPerSec" : 37.019355256343864
  }
}