{
  "Total" : {
    "transaction" : "Total",
    "sampleCount" : 1000,
    "errorCount" : 0,
    "errorPct" : 0.0,
    "meanResTime" : 29.175999999999995,
    "medianResTime" : 15.0,
    "minResTime" : 5.0,
    "maxResTime" : 266.0,
    "pct1ResTime" : 89.89999999999998,
    "pct2ResTime" : 135.0,
    "pct3ResTime" : 195.99,
    "throughput" : 564.9717514124294,
    "receivedKBytesPerSec" : 258.06684763418076,
    "sentKBytesPerSec" : 176.9625044138418
  },
  "HTTP Request" : {
    "transaction" : "HTTP Request",
    "sampleCount" : 1000,
    "errorCount" : 0,
    "errorPct" : 0.0,
    "meanResTime" : 29.175999999999995,
    "medianResTime" : 15.0,
    "minResTime" : 5.0,
    "maxResTime" : 266.0,
    "pct1ResTime" : 89.89999999999998,
    "pct2ResTime" : 135.0,
    "pct3ResTime" : 195.99,
    "throughput" : 564.9717514124294,
    "receivedKBytesPerSec" : 258.06684763418076,
    "sentKBytesPerSec" : 176.9625044138418
  }
}