{
  "Products" : {
    "transaction" : "Products",
    "sampleCount" : 400,
    "errorCount" : 0,
    "errorPct" : 0.0,
    "meanResTime" : 36.64499999999999,
    "medianResTime" : 4.0,
    "minResTime" : 3.0,
    "maxResTime" : 582.0,
    "pct1ResTime" : 6.900000000000034,
    "pct2ResTime" : 356.7999999999997,
    "pct3ResTime" : 581.97,
    "throughput" : 42.016806722689076,
    "receivedKBytesPerSec" : 23.95070821297269,
    "sentKBytesPerSec" : 7.508862920168068
  },
  "Total" : {
    "transaction" : "Total",
    "sampleCount" : 400,
    "errorCount" : 0,
    "errorPct" : 0.0,
    "meanResTime" : 36.64499999999999,
    "medianResTime" : 4.0,
    "minResTime" : 3.0,
    "maxResTime" : 582.0,
    "pct1ResTime" : 6.900000000000034,
    "pct2ResTime" : 356.7999999999997,
    "pct3ResTime" : 581.97,
    "throughput" : 42.016806722689076,
    "receivedKBytesPerSec" : 23.95070821297269,
    "sentKBytesPerSec" : 7.508862920168068
  }
}