{
  "Products" : {
    "transaction" : "Products",
    "sampleCount" : 30000,
    "errorCount" : 0,
    "errorPct" : 0.0,
    "meanResTime" : 310.4754666666662,
    "medianResTime" : 385.0,
    "minResTime" : 1.0,
    "maxResTime" : 1435.0,
    "pct1ResTime" : 536.0,
    "pct2ResTime" : 631.9500000000007,
    "pct3ResTime" : 963.0,
    "throughput" : 1818.6226964112514,
    "receivedKBytesPerSec" : 1035.9997309953928,
    "sentKBytesPerSec" : 325.0077670344326
  },
  "Total" : {
    "transaction" : "Total",
    "sampleCount" : 30000,
    "errorCount" : 0,
    "errorPct" : 0.0,
    "meanResTime" : 310.4754666666662,
    "medianResTime" : 385.0,
    "minResTime" : 1.0,
    "maxResTime" : 1435.0,
    "pct1ResTime" : 536.0,
    "pct2ResTime" : 631.9500000000007,
    "pct3ResTime" : 963.0,
    "throughput" : 1818.6226964112514,
    "receivedKBytesPerSec" : 1035.9997309953928,
    "sentKBytesPerSec" : 325.0077670344326
  }
}