{
  "Products" : {
    "transaction" : "Products",
    "sampleCount" : 4500,
    "errorCount" : 0,
    "errorPct" : 0.0,
    "meanResTime" : 3.609333333333332,
    "medianResTime" : 2.0,
    "minResTime" : 1.0,
    "maxResTime" : 140.0,
    "pct1ResTime" : 3.0,
    "pct2ResTime" : 7.0,
    "pct3ResTime" : 48.95999999999913,
    "throughput" : 437.02049140526367,
    "receivedKBytesPerSec" : 248.9665337901816,
    "sentKBytesPerSec" : 78.10034172574535
  },
  "Total" : {
    "transaction" : "Total",
    "sampleCount" : 4500,
    "errorCount" : 0,
    "errorPct" : 0.0,
    "meanResTime" : 3.609333333333332,
    "medianResTime" : 2.0,
    "minResTime" : 1.0,
    "maxResTime" : 140.0,
    "pct1ResTime" : 3.0,
    "pct2ResTime" : 7.0,
    "pct3ResTime" : 48.95999999999913,
    "throughput" : 437.02049140526367,
    "receivedKBytesPerSec" : 248.9665337901816,
    "sentKBytesPerSec" : 78.10034172574535
  }
}