{
  "Total" : {
    "transaction" : "Total",
    "sampleCount" : 10000,
    "errorCount" : 0,
    "errorPct" : 0.0,
    "meanResTime" : 693.5041000000022,
    "medianResTime" : 728.0,
    "minResTime" : 7.0,
    "maxResTime" : 2303.0,
    "pct1ResTime" : 1043.0,
    "pct2ResTime" : 1132.949999999999,
    "pct3ResTime" : 1416.949999999999,
    "throughput" : 1014.0959334753068,
    "receivedKBytesPerSec" : 464.12566312366897,
    "sentKBytesPerSec" : 317.669809571798
  },
  "HTTP Request" : {
    "transaction" : "HTTP Request",
    "sampleCount" : 10000,
    "errorCount" : 0,
    "errorPct" : 0.0,
    "meanResTime" : 693.5041000000022,
    "medianResTime" : 728.0,
    "minResTime" : 7.0,
    "maxResTime" : 2303.0,
    "pct1ResTime" : 1043.0,
    "pct2ResTime" : 1132.949999999999,
    "pct3ResTime" : 1416.949999999999,
    "throughput" : 1014.0959334753068,
    "receivedKBytesPerSec" : 464.12566312366897,
    "sentKBytesPerSec" : 317.669809571798
  }
}