{
  "Total" : {
    "transaction" : "Total",
    "sampleCount" : 2000,
    "errorCount" : 0,
    "errorPct" : 0.0,
    "meanResTime" : 68.29950000000005,
    "medianResTime" : 39.0,
    "minResTime" : 5.0,
    "maxResTime" : 564.0,
    "pct1ResTime" : 180.9000000000001,
    "pct2ResTime" : 245.0,
    "pct3ResTime" : 384.96000000000004,
    "throughput" : 857.6329331046312,
    "receivedKBytesPerSec" : 391.80466404909953,
    "sentKBytesPerSec" : 268.6874363475558
  },
  "HTTP Request" : {
    "transaction" : "HTTP Request",
    "sampleCount" : 2000,
    "errorCount" : 0,
    "errorPct" : 0.0,
    "meanResTime" : 68.29950000000005,
    "medianResTime" : 39.0,
    "minResTime" : 5.0,
    "maxResTime" : 564.0,
    "pct1ResTime" : 180.9000000000001,
    "pct2ResTime" : 245.0,
    "pct3ResTime" : 384.96000000000004,
    "throughput" : 857.6329331046312,
    "receivedKBytesPerSec" : 391.80466404909953,
    "sentKBytesPerSec" : 268.6874363475558
  }
}