{
  "Total" : {
    "transaction" : "Total",
    "sampleCount" : 400,
    "errorCount" : 0,
    "errorPct" : 0.0,
    "meanResTime" : 1794.0900000000001,
    "medianResTime" : 1801.0,
    "minResTime" : 1359.0,
    "maxResTime" : 2558.0,
    "pct1ResTime" : 2103.6000000000004,
    "pct2ResTime" : 2162.65,
    "pct3ResTime" : 2312.92,
    "throughput" : 155.82391897156214,
    "receivedKBytesPerSec" : 71.16390119789638,
    "sentKBytesPerSec" : 48.79464720490845
  },
  "HTTP Request" : {
    "transaction" : "HTTP Request",
    "sampleCount" : 400,
    "errorCount" : 0,
    "errorPct" : 0.0,
    "meanResTime" : 1794.0900000000001,
    "medianResTime" : 1801.0,
    "minResTime" : 1359.0,
    "maxResTime" : 2558.0,
    "pct1ResTime" : 2103.6000000000004,
    "pct2ResTime" : 2162.65,
    "pct3ResTime" : 2312.92,
    "throughput" : 155.82391897156214,
    "receivedKBytesPerSec" : 71.16390119789638,
    "sentKBytesPerSec" : 48.79464720490845
  }
}