{
  "Products" : {
    "transaction" : "Products",
    "sampleCount" : 3000,
    "errorCount" : 0,
    "errorPct" : 0.0,
    "meanResTime" : 2.810333333333329,
    "medianResTime" : 2.0,
    "minResTime" : 1.0,
    "maxResTime" : 52.0,
    "pct1ResTime" : 3.0,
    "pct2ResTime" : 4.0,
    "pct3ResTime" : 40.97999999999956,
    "throughput" : 291.14906832298135,
    "receivedKBytesPerSec" : 165.846546244177,
    "sentKBytesPerSec" : 52.03152295225155
  },
  "Total" : {
    "transaction" : "Total",
    "sampleCount" : 3000,
    "errorCount" : 0,
    "errorPct" : 0.0,
    "meanResTime" : 2.810333333333329,
    "medianResTime" : 2.0,
    "minResTime" : 1.0,
    "maxResTime" : 52.0,
    "pct1ResTime" : 3.0,
    "pct2ResTime" : 4.0,
    "pct3ResTime" : 40.97999999999956,
    "throughput" : 291.14906832298135,
    "receivedKBytesPerSec" : 165.846546244177,
    "sentKBytesPerSec" : 52.03152295225155
  }
}